epoch,lr,loss,acc1,acc5,val_loss,val_acc1,val_acc5
0,0.1,6.859647458953858,1.6959999989318848,6.99200000366211,2526.275064453125,1.03,4.69
1,0.1,4.987636309661865,4.608000002441406,17.16800000732422,4.762437693786621,3.95,18.77
2,0.1,4.4792453729248045,6.400000003662109,23.199999990234375,4.077155575561523,6.48,23.69
3,0.1,4.14948003616333,9.087999996643067,27.519999978637696,4.048500495147705,7.8,26.77
4,0.1,3.9052280878448484,10.864000007324218,32.687999992675785,3.7318503868103026,12.18,35.43
5,0.1,3.807268836364746,12.240000000305177,34.81599997558594,3.737983312225342,12.0,34.69
6,0.1,3.683415074310303,14.271999986572265,38.19199999389649,3.5802914848327636,14.24,40.14
7,0.1,3.5464720026397707,16.319999986572267,42.031999974365235,3.466821943664551,16.61,43.59
8,0.1,3.3931724005126953,18.687999996948243,45.56799999633789,3.3447010578155516,19.6,46.51
9,0.1,3.3153112693023683,19.10400000732422,47.18399997924805,3.2365598518371583,20.99,49.69
10,0.1,3.2155615995788573,21.263999998168945,49.823999958496096,3.202466682815552,22.16,50.63
11,0.1,3.122438467254639,23.264000001831054,51.95199998291016,3.158794261932373,22.97,51.42
12,0.1,3.0606682710266115,24.256000009765625,53.95200001953125,3.097805485534668,23.98,53.01
13,0.1,2.97533949180603,25.583999999389647,55.47200000366211,3.0220707473754884,25.89,54.68
14,0.1,2.974805772705078,25.903999978637696,56.11199995605469,3.030429203033447,25.31,54.72
15,0.1,2.9206496160125734,27.536000009765626,57.40800000122071,2.943859146118164,27.52,56.74
16,0.1,2.7881455352783204,29.18399999938965,60.592000007324216,2.8993074127197267,28.24,57.88
17,0.1,2.7601227012634277,29.31199999267578,60.81600000732422,2.9305366138458253,27.8,57.5
18,0.1,2.7341030462646483,30.144000001831056,61.55199998413086,2.8663182399749756,29.25,58.65
19,0.1,2.660849288482666,31.887999978637694,63.3760000012207,2.8345717002868653,29.5,59.6
20,0.1,2.627887831954956,32.47999997192383,64.28800000488282,2.8241048706054688,29.55,59.7
21,0.1,2.5800197856903075,33.69599997070313,65.39199996337891,2.792561492919922,30.61,60.6
22,0.1,2.5571355464172365,34.111999999389646,65.48800000244141,2.747777674102783,31.96,61.64
23,0.1,2.5065048623657225,34.83199997192383,67.039999921875,2.831162558746338,30.06,60.05
24,0.1,2.481289648666382,36.207999975585935,67.66399996826172,2.744737300872803,31.85,62.03
25,0.1,2.373070424194336,37.29600001586914,70.17599994384766,2.7018850231170655,32.13,63.45
26,0.1,2.3259580364990233,38.49599999633789,71.79200000976563,2.707530075073242,32.96,62.61
27,0.1,2.3004042656707764,39.35999997070312,71.6959999658203,2.7529396800994874,33.13,62.66
28,0.1,2.2618481243133544,40.23999999755859,72.70399994384766,2.7287599460601806,33.12,62.61
29,0.1,2.198631274642944,42.00000001586914,73.263999921875,2.7012635540008545,33.69,63.95
30,0.1,2.1542888801574707,41.80799999389649,74.68799998413085,2.699650140762329,33.56,63.75
31,0.1,2.082530685272217,43.39200001708984,76.30399999023437,3.483898829650879,32.3,62.7
32,0.1,2.1948109381103516,41.16800001586914,73.92000000976563,2.7107898849487304,33.95,64.11
33,0.1,2.047215146484375,44.368,77.15199999267578,2.7223662586212156,33.59,63.5
34,0.1,1.9970192385864258,45.679999997558596,78.22400003173829,2.7914973625183106,33.97,63.34
35,0.1,1.9030851262283326,47.695999958496095,79.48800001220702,2.7154369998931887,34.82,64.86
36,0.1,1.8700640602111815,48.35200001953125,80.7839999243164,2.7149713146209717,34.48,64.85
37,0.1,1.8398881313323974,49.05600001953125,81.1520000341797,2.693138335418701,35.83,65.23
38,0.1,1.7677624045562743,50.20799995727539,82.35200001220703,2.827562461090088,34.71,64.3
39,0.1,1.7137263919067383,51.59999997802734,83.13599992919922,2.7039209575653076,35.86,65.05
40,0.1,1.6358211113357544,53.24799997680664,84.78400001464844,2.9021265731811523,35.51,64.69
41,0.1,1.6012202826309203,54.62399995727539,85.43999999023437,2.820758208465576,34.88,64.53
42,0.1,1.5344138922119142,56.49599995605469,86.19199994873047,2.8272252475738524,34.75,64.5
43,0.1,1.5014777885818482,56.38399997558594,87.48800003662109,2.8198041999816894,36.15,65.59
44,0.1,1.4567266185379029,57.28000000366211,88.41600001464843,2.8766593799591065,36.17,64.77
45,0.1,1.3678207322311402,59.935999979248045,89.63199992919922,3.0359710956573487,34.59,64.35
46,0.1,1.3552883071899413,60.06399998046875,89.93599999511719,2.9163436958312987,35.08,64.25
47,0.1,1.2887309811782837,61.80799998046875,90.79999995117187,3.1797571723937987,33.98,63.31
48,0.1,1.2845416917419434,61.58399998046875,91.2799999951172,2.9015290351867677,36.37,64.78
49,0.1,1.1717124883651733,64.6720000036621,92.25599995117187,3.212284469604492,35.02,64.05
50,0.1,1.150843041038513,65.39199998168945,92.09600001708985,2.899502332687378,37.46,65.92
51,0.1,1.1012932954788208,67.26399994140625,93.24799993164062,2.9310955383300783,37.56,66.09
52,0.1,1.013149765625,68.95999998535156,94.49599997558593,3.0281860443115236,37.02,65.48
53,0.1,0.9446939170074463,71.42400000732422,95.23199995361328,3.0796322551727293,36.31,65.51
54,0.1,0.9081606372070312,71.53600000488281,95.7440000390625,3.0355348861694336,37.04,65.63
55,0.1,0.8851316211891175,72.52799998779297,96.08000001953125,3.0767751972198485,36.99,64.81
56,0.1,0.8472203204727173,73.8719999609375,96.27199993408203,3.074778746032715,36.95,65.41
57,0.1,0.815503769569397,74.94400002929687,96.2400000390625,3.0404796562194822,37.57,66.29
58,0.1,0.7557810783386231,77.50399997070312,96.76799993408203,3.026945475769043,37.84,66.5
59,0.1,0.7204585261154175,77.0399999621582,97.40799999755859,3.1654929016113282,37.2,65.53
60,0.1,0.6924110098838806,78.89599998779296,97.6319999975586,3.184662657165527,36.52,65.24
61,0.1,0.653618995437622,79.24800000976562,98.19199993408203,3.1351697048187255,37.71,66.07
62,0.1,0.6503369447708129,80.09599992675781,97.90399993408204,3.1301229106903077,38.49,66.36
63,0.1,0.5973969618034363,80.86399997070312,98.04799991210938,3.155359337615967,38.95,66.06
64,0.1,0.5565364088058472,82.81599994873046,98.656,3.2824054443359376,37.29,65.57
65,0.1,0.5522682929801941,82.27200003173829,98.63999993408203,3.1937433238983153,37.94,65.89
66,0.1,0.49589776629447935,84.59200001708984,99.056,3.1839542179107667,38.67,66.37
67,0.1,0.4663024430847168,85.74400003662109,99.00800001953125,3.159058658981323,38.68,66.59
68,0.1,0.48777502531051636,85.00799994873047,98.91199997802734,3.165706027984619,38.93,66.46
69,0.1,0.44500284536361695,86.79999995117187,98.91199993408203,3.192498499298096,39.1,66.86
70,0.1,0.40996883556365965,87.53599992675781,99.13599995605469,3.250608927154541,37.96,66.1
71,0.1,0.37818933348655703,88.75199992919921,99.44,3.34017795753479,36.52,64.86
72,0.1,0.4569643700695038,85.96799997314453,98.94399997802735,3.2634049339294435,38.61,65.86
73,0.1,0.4101099344444275,87.55199999023438,99.16799991210938,3.2072147983551025,38.41,66.59
74,0.1,0.3599873166465759,89.21599995117188,99.26399995605469,3.2000789813995363,39.02,66.35
75,0.1,0.3502067001914978,89.39199997070313,99.39199995605469,3.313689316558838,37.61,65.69
76,0.1,0.3198615760231018,90.28800001464843,99.51999993408204,3.3153702423095703,39.1,66.4
77,0.1,0.2979962347602844,91.26399997314454,99.6,3.2009787479400633,39.19,66.25
78,0.1,0.2800581611347199,91.95199997558593,99.63199997802734,3.1927709030151368,40.0,66.51
79,0.1,0.2719964965248108,91.8240000390625,99.63199997802734,3.2124131065368653,39.3,66.62
80,0.1,0.28565039220809935,91.71199997070312,99.48799993408203,3.342763764190674,38.45,65.46
81,0.1,0.35668994610786436,89.48800003662109,99.16799997802734,3.2458918045043945,39.18,66.63
82,0.1,0.3211996587371826,90.30399999511718,99.39199997802734,3.2387729293823244,39.74,66.55
83,0.1,0.30826475463867187,90.62399999511719,99.456,3.2630267822265626,38.71,66.39
84,0.1,0.2640752381706238,92.52800001708984,99.536,3.194182458114624,39.89,66.65
85,0.1,0.26930447363853455,92.38399995361328,99.696,3.2199621898651123,39.22,66.41
86,0.1,0.26405644770622255,92.03199993164063,99.744,3.1941311798095704,39.95,67.16
87,0.1,0.2602988078403473,92.48000001708985,99.48799997802735,3.2232856746673586,39.55,67.1
88,0.1,0.2534882161235809,92.97599993164063,99.44,3.2232222972869873,39.47,66.73
89,0.1,0.22287148698806764,94.0480000390625,99.74399997802735,3.146463195800781,39.85,67.0
90,0.1,0.2287068799495697,93.29599999511719,99.66399997802735,3.1953667488098145,39.85,67.27
91,0.1,0.23209867502212525,93.45599993164062,99.63199995605468,3.156749852371216,39.58,67.12
92,0.1,0.2274341354894638,93.4719999975586,99.648,3.2656091384887693,38.78,66.17
93,0.1,0.20797034830093383,94.2559999951172,99.77599997802734,3.1320316383361817,40.49,67.25
94,0.1,0.20951333322525023,94.04799999755859,99.84,3.2432555088043213,39.06,65.87
95,0.1,0.22633544976234435,93.34399995361328,99.84,3.2710912284851075,38.63,66.08
96,0.1,0.21437864157676698,94.1120000390625,99.68,3.229593267440796,39.51,66.39
97,0.1,0.21241229754447938,94.01599995117188,99.74399997802735,3.201095503616333,40.07,66.49
98,0.1,0.23429990757465363,93.53599991210938,99.648,3.1930712615966796,39.45,66.36
99,0.010000000000000002,0.23981686898231505,93.05599999511719,99.76,3.3224947357177737,38.26,65.57
